{
    "avg_prec": 0.8784299239595413,
    "roc_auc": 0.9187546659742091
}