{
    "avg_prec": 0.8756938276700102,
    "roc_auc": 0.9161225928210075
}